,proba_de,proba_not_de,bayes_factor,scale1,scale2,pseudocounts,delta,lfc_mean,lfc_median,lfc_std,lfc_min,lfc_max,raw_mean1,raw_mean2,non_zeros_proportion1,non_zeros_proportion2,raw_normalized_mean1,raw_normalized_mean2,is_de_fdr_0.05,comparison,group1,group2
Ntrk3,0.9844,0.015599999999999947,4.14476077339445,0.00010368342,7.269252e-06,0.0,0.25,6.2764516,6.636273,3.965381,-8.906896,20.763044,0.31024933,0.11088003,0.13850415512465378,0.0410757946210272,0.46742857,0.08180392,True,3 vs Rest,3,Rest
Gpc5,0.978,0.02200000000000002,3.794466772356098,0.00011651832,1.3065728e-05,0.0,0.25,5.0328584,5.289447,4.269574,-10.252022,17.918064,0.46260393,0.25006074,0.14127423822714685,0.06234718826406005,0.68030685,0.18141271,True,3 vs Rest,3,Rest
Sntb1,0.9814,0.01859999999999995,3.965818015491911,0.00010445702,1.1502345e-05,0.0,0.25,4.8379345,5.039961,2.9917262,-5.2244215,14.526573,0.36842117,0.59397095,0.17451523545706377,0.22365525672370754,0.5504211,0.39473066,True,3 vs Rest,3,Rest
Trpv3,0.9808,0.019199999999999995,3.9334577755107722,1.8664787e-05,3.2898502e-06,0.0,0.25,4.604988,4.7764325,3.162122,-7.104328,14.639251,0.11634344,0.03691925,0.1024930747922438,0.029645476772615965,0.15556006,0.0257038,True,3 vs Rest,3,Rest
Ifnlr1,0.9802,0.01980000000000004,3.9020741999265773,5.8527607e-05,4.4030594e-06,0.0,0.25,4.4816256,4.596081,2.5803006,-5.1464815,12.9403925,0.18005534,0.034657646,0.1357340720221607,0.029951100244498603,0.24862693,0.027128667,True,3 vs Rest,3,Rest
Kirrel,0.9814,0.01859999999999995,3.965818015491911,5.564823e-05,6.722507e-06,0.0,0.25,4.414679,4.5364623,3.2353575,-6.595932,13.09834,0.3961222,0.063141696,0.2853185595567865,0.048594132029340535,0.57145965,0.05146439,True,3 vs Rest,3,Rest
Robo2,0.9822,0.017800000000000038,4.010595944690734,0.0005019836,4.8290287e-05,0.0,0.25,4.223775,4.4515734,2.6534271,-5.509697,12.768523,4.465371,1.2287517,0.6620498614958411,0.31998777506110976,6.2087035,0.87930274,True,3 vs Rest,3,Rest
Als2,0.9774,0.022599999999999953,3.766945646311264,2.7326912e-05,3.3785905e-06,0.0,0.25,4.0828123,4.173199,2.5500963,-6.3589296,12.905929,0.16620493,0.15709016,0.13296398891966763,0.11864303178483888,0.2243248,0.10135623,True,3 vs Rest,3,Rest
Gpr176,0.9706,0.02939999999999998,3.4969194327933892,8.612336e-05,9.81219e-06,0.0,0.25,4.0756893,4.2156916,3.3411906,-6.6240406,18.616055,0.32409987,0.07768935,0.16897506925207761,0.04944987775061197,0.43125886,0.053963795,True,3 vs Rest,3,Rest
Zcchc24,0.9716,0.02839999999999998,3.532554710140545,2.501756e-05,3.931781e-06,0.0,0.25,4.0122504,4.141379,2.763867,-6.882428,13.295752,0.19113563,0.061430216,0.16343490304709146,0.04211491442542823,0.26991695,0.045008723,True,3 vs Rest,3,Rest
Mybpc2,0.9752,0.024800000000000044,3.671798532024705,5.662981e-05,6.7304045e-06,0.0,0.25,3.8538165,3.8882508,2.394867,-4.509878,11.545481,0.1274238,0.09828833,0.1024930747922438,0.065953545232275,0.17112996,0.059923995,True,3 vs Rest,3,Rest
Sobp,0.9746,0.025399999999999978,3.6472775729448257,0.00014601497,1.9342055e-05,0.0,0.25,3.84836,3.976563,2.8756824,-6.7585535,12.965501,1.2077556,0.27402148,0.4819944598337929,0.13465770171148825,1.6680713,0.21349506,True,3 vs Rest,3,Rest
Scn3b,0.9688,0.031200000000000006,3.4356397872327245,5.0478833e-05,9.242131e-06,0.0,0.25,3.809047,3.6343021,3.178523,-6.8699408,17.759357,0.38781187,0.08875289,0.26038781163434904,0.05782396088019674,0.48277932,0.06588165,True,3 vs Rest,3,Rest
Mkx,0.9716,0.02839999999999998,3.532554710140545,2.638513e-05,4.360474e-06,0.0,0.25,3.8004625,3.949542,2.9625561,-7.846671,14.2505245,0.16620494,0.05348402,0.11080332409972303,0.03533007334963327,0.22411488,0.04464494,True,3 vs Rest,3,Rest
Zfp521,0.974,0.026000000000000023,3.623314391272682,0.00016467692,1.7110593e-05,0.0,0.25,3.7934449,3.9021678,3.3313124,-7.6062126,13.252532,1.2576169,0.18520747,0.4182825484764528,0.10042787286063466,1.805011,0.13136768,True,3 vs Rest,3,Rest
Ppp2r2b,0.971,0.029000000000000026,3.5110303037759842,6.443676e-05,9.0327285e-06,0.0,0.25,3.7649105,3.9056382,3.7429028,-10.430347,16.716442,0.3074793,0.104828686,0.14404432132963993,0.04517114914425479,0.45990396,0.08027786,True,3 vs Rest,3,Rest
Kcnip4,0.9702,0.02980000000000005,3.4829935170364954,0.00021198824,1.9157811e-05,0.0,0.25,3.7648344,3.792644,4.0589585,-9.006235,20.142511,0.5180056,0.31925392,0.10803324099722995,0.043948655256724166,0.7996722,0.1968926,True,3 vs Rest,3,Rest
Ldlrad4,0.9756,0.024399999999999977,3.688469134456731,0.00022466388,2.9717377e-05,0.0,0.25,3.6742404,3.7258534,3.0937233,-5.9882717,12.767227,1.5318551,0.30287227,0.43767313019390414,0.12188264058679467,2.230556,0.23469006,True,3 vs Rest,3,Rest
Crp,0.9808,0.019199999999999995,3.9334577755107722,0.00015723325,1.9952606e-05,0.0,0.25,3.6528375,3.784433,2.2692525,-5.605315,12.956375,0.7091414,0.18624659,0.2908587257617726,0.09504889975550053,0.8986496,0.13043064,True,3 vs Rest,3,Rest
Sorcs2,0.9766,0.023399999999999976,3.731340712153176,0.00011983347,1.4389394e-05,0.0,0.25,3.641205,3.6924891,2.270884,-5.8287096,10.526662,0.7202215,0.23227338,0.3795013850415501,0.13471882640586477,0.9680066,0.16072932,True,3 vs Rest,3,Rest
Itga9,0.9716,0.02839999999999998,3.532554710140545,6.065511e-05,7.0561177e-06,0.0,0.25,3.6107383,3.7572718,2.3541555,-4.343787,11.821452,0.23822705,0.131479,0.15512465373961223,0.06809290953545334,0.32302448,0.07939159,True,3 vs Rest,3,Rest
Hs3st4,0.9668,0.03320000000000001,3.371441482045512,0.00012194746,1.8632263e-05,0.0,0.25,3.5576062,3.7078705,3.2119114,-7.370348,14.664493,0.7534626,0.09792162,0.2271468144044322,0.03685819070904655,1.0226136,0.07593092,True,3 vs Rest,3,Rest
Morc4,0.9772,0.022800000000000042,3.757930375060113,0.00011717603,1.4290617e-05,0.0,0.25,3.5501099,3.5669327,2.0616093,-3.3118763,10.928856,0.62880915,0.19400944,0.31301939058171696,0.09871638141809198,0.8165627,0.12422892,True,3 vs Rest,3,Rest
Syk,0.9636,0.03639999999999999,3.276107231750535,5.3263026e-05,7.8803105e-06,0.0,0.25,3.5045598,3.2823625,2.664187,-4.938426,15.471965,0.14681436,0.41216296,0.1135734072022161,0.24584352078238583,0.17669979,0.24472985,True,3 vs Rest,3,Rest
Vcan,0.9756,0.024399999999999977,3.688469134456731,2.9779825e-05,8.430053e-06,0.0,0.25,3.4606972,3.6871295,2.6756375,-6.233613,11.619623,0.2049861,0.29437602,0.12188365650969533,0.09590464547677187,0.2692783,0.17609575,True,3 vs Rest,3,Rest
Adamts17,0.9644,0.035599999999999965,3.2991602379193363,0.00014934847,1.1945745e-05,0.0,0.25,3.4435234,3.4199286,2.9771602,-6.3609333,11.409126,0.9030471,0.10201694,0.30747922437673086,0.05544009779951203,1.222347,0.081825614,True,3 vs Rest,3,Rest
Bmpr1b,0.9666,0.033399999999999985,3.3652285703727176,0.00016896453,1.8164395e-05,0.0,0.25,3.424489,3.4829302,2.958333,-5.7627,14.940628,0.8171744,0.112408124,0.257617728531856,0.050183374083130346,1.1186001,0.08670411,True,3 vs Rest,3,Rest
Chl1,0.969,0.031000000000000028,3.4422770951449433,8.025139e-05,1.1027278e-05,0.0,0.25,3.420725,3.5463738,2.8958223,-6.462145,15.013717,0.18282543,0.38043937,0.12465373961218841,0.13979217603911628,0.25196984,0.2437096,True,3 vs Rest,3,Rest
Herc6,0.9706,0.02939999999999998,3.4969194327933892,0.000255058,3.2789143e-05,0.0,0.25,3.383634,3.5381565,2.2929957,-4.6076107,9.546828,1.9722965,0.6632965,0.6149584487534593,0.33429095354521643,2.6877072,0.46917284,True,3 vs Rest,3,Rest
Igsf10,0.9722,0.027800000000000047,3.5545251744885458,7.295705e-05,1.0430828e-05,0.0,0.25,3.370582,3.41609,2.2218668,-4.6941404,12.288328,0.35457072,0.09315386,0.2409972299168976,0.07163814180929175,0.4316415,0.06606913,True,3 vs Rest,3,Rest
Phactr1,0.97,0.030000000000000027,3.476098366811273,9.814157e-05,8.760738e-06,0.0,0.25,3.3244395,3.3270807,2.3095949,-5.003722,14.303068,0.2853186,0.15024428,0.10803324099722995,0.06943765281173687,0.48505965,0.09261086,True,3 vs Rest,3,Rest
Lnx2,0.9768,0.0232,3.740129223327351,7.5821874e-05,7.2726407e-06,0.0,0.25,3.313559,3.3468156,1.9082295,-4.592326,10.703509,0.15235451,0.27408257,0.12465373961218841,0.20605134474326856,0.21325459,0.17156366,True,3 vs Rest,3,Rest
Epha7,0.9646,0.03539999999999999,3.305001415376299,5.6761863e-05,1.04160345e-05,0.0,0.25,3.3124297,3.3048854,2.45203,-4.351021,12.798948,0.40720248,0.16534203,0.23545706371191144,0.07481662591687101,0.5305401,0.115462214,True,3 vs Rest,3,Rest
Zfp532,0.9708,0.029200000000000004,3.5039514324132983,5.472778e-05,7.376875e-06,0.0,0.25,3.3091958,3.330717,2.2550805,-4.6030245,11.2316265,0.36565113,0.1049509,0.2409972299168976,0.08325183374083135,0.48450312,0.08010335,True,3 vs Rest,3,Rest
9930111J21Rik2,0.9658,0.03420000000000001,3.3407308473273742,0.00015176175,2.369932e-05,0.0,0.25,3.306509,3.2891822,2.652372,-4.9129877,13.44979,0.8670357,0.22396043,0.2880886426592795,0.11277506112469256,1.1962297,0.15295507,True,3 vs Rest,3,Rest
Vegfc,0.9704,0.02959999999999996,3.4899336687670752,3.841394e-05,4.5778224e-06,0.0,0.25,3.2931066,3.3513088,4.081508,-8.759235,16.948423,0.29085872,0.1566623,0.15512465373961223,0.09810513447432674,0.39304286,0.098128416,True,3 vs Rest,3,Rest
Nup210l,0.9666,0.033399999999999985,3.3652285703727176,0.000100753,1.0181445e-05,0.0,0.25,3.2896051,3.3923893,3.3857024,-7.8279104,13.843486,0.6232688,0.1959654,0.21883656509695298,0.1095965770171133,0.8897921,0.12302979,True,3 vs Rest,3,Rest
Ninl,0.9646,0.03539999999999999,3.305001415376299,1.5818485e-05,3.5528894e-06,0.0,0.25,3.2823503,3.301547,2.4774287,-3.7054234,12.208608,0.13019384,0.059351977,0.11634349030470918,0.04089242053789761,0.1623107,0.036360413,True,3 vs Rest,3,Rest
Klhl23,0.9626,0.03739999999999999,3.2479669954574106,4.4001674e-05,7.251378e-06,0.0,0.25,3.275053,3.184102,2.829821,-5.35361,13.658554,0.13573402,0.07365515,0.10526315789473688,0.04254278728606395,0.1672707,0.0428525,True,3 vs Rest,3,Rest
Slc1a4,0.9672,0.03280000000000005,3.3839764893716042,6.710419e-05,1.0737278e-05,0.0,0.25,3.2750192,3.3604493,2.4070296,-5.681736,10.594186,0.24653728,0.13661343,0.18836565096952915,0.10201711491442429,0.32734257,0.09725965,True,3 vs Rest,3,Rest
Lingo2,0.9762,0.023800000000000043,3.7139814928514396,0.00063166907,7.4615906e-05,0.0,0.25,3.2538486,3.0598187,3.384889,-6.203621,11.791568,4.5623245,0.70753783,0.5706371191135705,0.14223716381417725,6.3128076,0.48020616,True,3 vs Rest,3,Rest
Dnah8,0.9628,0.03720000000000001,3.2535366861990203,4.384013e-05,5.4662814e-06,0.0,0.25,3.2315593,3.249833,2.6975806,-7.0463486,11.7779045,0.15512462,0.14180903,0.10526315789473688,0.08374083129584355,0.19756676,0.07930201,True,3 vs Rest,3,Rest
Slc8a1,0.9642,0.035800000000000054,3.293350579606588,0.00013832633,1.5834694e-05,0.0,0.25,3.2307422,3.2564435,3.259274,-6.4314737,11.563882,0.933518,0.36558616,0.29639889196675867,0.12377750611246692,1.3147299,0.24983521,True,3 vs Rest,3,Rest
Tnik,0.9724,0.027599999999999958,3.561951117683924,0.0002634575,3.6694473e-05,0.0,0.25,3.1989665,3.3495789,2.1740413,-7.007663,8.940058,1.9612164,0.6116374,0.6620498614958411,0.28117359413201687,2.707404,0.4339068,True,3 vs Rest,3,Rest
Slc24a3,0.9644,0.035599999999999965,3.2991602379193363,0.00026245863,3.3614164e-05,0.0,0.25,3.1874828,3.2729993,3.1193829,-6.8134117,11.8495035,1.9806087,0.3375299,0.4709141274238207,0.16063569682151105,2.8464053,0.23551193,True,3 vs Rest,3,Rest
Nos1,0.9694,0.03059999999999996,3.4556769979712687,5.7393958e-05,8.591292e-06,0.0,0.25,3.159526,3.2466426,2.0607507,-5.08912,11.33374,0.22714671,0.073349506,0.16343490304709146,0.0410757946210272,0.27265352,0.049261715,True,3 vs Rest,3,Rest
Tbc1d32,0.9688,0.031200000000000006,3.4356397872327245,3.998993e-05,7.196401e-06,0.0,0.25,3.1524334,3.2034793,2.0662763,-4.9830894,10.076369,0.16897498,0.39254197,0.146814404432133,0.26442542787284923,0.23057334,0.24460614,True,3 vs Rest,3,Rest
Slc5a3,0.9692,0.03080000000000005,3.4489559846053557,0.00018704044,3.1256357e-05,0.0,0.25,3.1402164,3.1337137,2.1475117,-5.3176193,10.7947035,1.1052626,0.46919218,0.39889196675900146,0.2422371638141709,1.3903209,0.28868234,True,3 vs Rest,3,Rest
Gm26542,0.9656,0.034399999999999986,3.3346928250625925,8.236151e-05,1.2161545e-05,0.0,0.25,3.1366901,3.0806231,2.4084263,-6.443554,13.182398,0.2520775,0.24957164,0.15235457063711916,0.15165036674816199,0.3259081,0.16164038,True,3 vs Rest,3,Rest
Cpxm2,0.9702,0.02980000000000005,3.4829935170364954,5.365632e-05,9.472185e-06,0.0,0.25,3.1347466,3.245307,2.0926082,-5.418998,10.869168,0.37119138,0.17169893,0.2797783933518004,0.11974327628361632,0.5212819,0.11390288,True,3 vs Rest,3,Rest
Cdkl3,0.9664,0.03359999999999996,3.359051472940072,5.6818335e-05,8.882593e-06,0.0,0.25,3.133441,3.0696378,2.2213538,-5.039016,13.045334,0.15512462,0.1579459,0.1024930747922438,0.12231051344743034,0.19228362,0.096692525,True,3 vs Rest,3,Rest
Lrrc17,0.9632,0.036800000000000055,3.264762968022636,3.9529103e-05,7.976504e-06,0.0,0.25,3.132871,3.2219958,2.5227675,-6.6537113,12.551476,0.32409972,0.084290795,0.22160664819944606,0.06063569682151718,0.36672476,0.062089052,True,3 vs Rest,3,Rest
Xylt1,0.975,0.025000000000000022,3.663561256386136,0.00049875554,6.5061104e-05,0.0,0.25,3.1162724,3.2090597,1.8016903,-3.4290724,8.333478,4.0526357,0.91737455,0.8199445983379449,0.3743276283618398,5.5191736,0.6216746,True,3 vs Rest,3,Rest
Adcy2,0.9678,0.032200000000000006,3.4030587015826104,0.0004057696,5.537757e-05,0.0,0.25,3.1118248,3.0696936,3.3865964,-6.6118536,13.712133,2.6315806,0.39584276,0.5041551246537374,0.13471882640586477,3.7993715,0.31383416,True,3 vs Rest,3,Rest
Itsn1,0.9602,0.03979999999999995,3.1832744429646964,6.5869615e-05,1.2959522e-05,0.0,0.25,3.1055946,3.0990534,2.1906154,-3.5266457,9.571761,0.41274288,0.30892357,0.3047091412742378,0.22041564792175175,0.5555857,0.20187174,True,3 vs Rest,3,Rest
Ftx,0.9712,0.028800000000000048,3.5181566962377104,5.606916e-05,7.880448e-06,0.0,0.25,3.0992026,3.21281,1.9439998,-3.837411,9.052847,0.28254846,0.18337372,0.19944598337950145,0.13618581907090135,0.40086797,0.122340955,True,3 vs Rest,3,Rest
Chsy3,0.9654,0.034599999999999964,3.3286885625038165,5.045562e-05,7.426987e-06,0.0,0.25,3.0765073,3.1525183,3.3249037,-7.586055,13.074623,0.22160661,0.16381392,0.11080332409972303,0.06191931540342433,0.25479263,0.1055936,True,3 vs Rest,3,Rest
Phactr2,0.9708,0.029200000000000004,3.5039514324132983,8.9788424e-05,1.655306e-05,0.0,0.25,3.0757236,3.186152,1.911945,-3.5913725,9.090144,0.64819956,0.41699183,0.3905817174515223,0.24706601466991632,0.88491195,0.27918625,True,3 vs Rest,3,Rest
Kcnb2,0.9586,0.04139999999999999,3.1421927747802774,0.00018749584,4.1348867e-05,0.0,0.25,3.0729587,2.9420862,3.2405694,-6.5822544,14.727761,1.0969528,0.48630717,0.26038781163434904,0.12261613691931296,1.5236818,0.37168714,True,3 vs Rest,3,Rest
Ubash3b,0.9644,0.035599999999999965,3.2991602379193363,0.00013707258,1.8443443e-05,0.0,0.25,3.05761,3.1882424,2.370173,-5.386855,10.806904,0.66482013,0.28997496,0.29639889196675867,0.1534229828850812,0.9380489,0.18533249,True,3 vs Rest,3,Rest
Gpr139,0.9626,0.03739999999999999,3.2479669954574106,4.7100166e-05,8.62576e-06,0.0,0.25,3.055626,3.052258,2.4530582,-4.9448366,15.701799,0.16620493,0.023655226,0.11080332409972303,0.015036674816625843,0.19789875,0.018224658,True,3 vs Rest,3,Rest
Klhl13,0.9652,0.03480000000000005,3.322717669974713,3.7178146e-05,7.729854e-06,0.0,0.25,3.018282,3.1216683,2.5287244,-5.6537914,11.29001,0.20498607,0.1191318,0.14127423822714685,0.07267726161369266,0.24961779,0.07522,True,3 vs Rest,3,Rest
Slitrk4,0.9632,0.036800000000000055,3.264762968022636,6.35081e-05,1.117619e-05,0.0,0.25,2.9891524,2.9833622,2.232268,-5.9246464,11.403573,0.29639885,0.036430273,0.17451523545706377,0.021149144254278614,0.3893156,0.03045671,True,3 vs Rest,3,Rest
Tbc1d12,0.9632,0.036800000000000055,3.264762968022636,3.774277e-05,7.464903e-06,0.0,0.25,2.9862568,3.0615244,2.2596874,-5.6551714,11.174876,0.21052623,0.14034203,0.15235457063711916,0.11130806845965598,0.29368585,0.09645092,True,3 vs Rest,3,Rest
Oas1g,0.9692,0.03080000000000005,3.4489559846053557,6.0893602e-05,8.683134e-06,0.0,0.25,2.9821472,2.975206,1.9803661,-3.7147474,10.603345,0.19113566,0.08178468,0.14958448753462608,0.07090464547677346,0.2752971,0.061013415,True,3 vs Rest,3,Rest
Ch25h,0.9634,0.036599999999999966,3.270420190944699,4.8251455e-05,1.2853066e-05,0.0,0.25,2.9795408,3.232254,2.769245,-7.152836,14.364204,0.41828266,0.15177234,0.2299168975069253,0.06619804400978109,0.48133144,0.115478344,True,3 vs Rest,3,Rest
Zfp408,0.9672,0.03280000000000005,3.3839764893716042,1.5255131e-05,3.1368245e-06,0.0,0.25,2.96017,3.0776305,2.342991,-6.6783056,11.731118,0.10803319,0.14382611,0.10803324099722995,0.11888753056234498,0.14916107,0.089528054,True,3 vs Rest,3,Rest
Pcgf2,0.9672,0.03280000000000005,3.3839764893716042,3.1905354e-05,6.168993e-06,0.0,0.25,2.9572399,2.9758987,1.9004728,-3.9443521,10.191618,0.1828254,0.19040309,0.15235457063711916,0.1275061124694349,0.22018221,0.1210136,True,3 vs Rest,3,Rest
Prrg1,0.9664,0.03359999999999996,3.359051472940072,8.049184e-05,1.3897495e-05,0.0,0.25,2.9498184,3.0884285,2.333569,-5.954994,10.362977,0.31578952,0.1305621,0.20221606648199453,0.08679706601466976,0.41062707,0.083315335,True,3 vs Rest,3,Rest
Ccdc138,0.9668,0.03320000000000001,3.371441482045512,9.228222e-05,1.2853947e-05,0.0,0.25,2.946217,2.9645605,1.6997372,-3.0263138,10.839845,0.29362884,0.30183315,0.20221606648199453,0.18704156479216952,0.39524642,0.18157083,True,3 vs Rest,3,Rest
Mab21l3,0.9588,0.041200000000000014,3.1472440139160347,3.0903888e-05,6.2300487e-06,0.0,0.25,2.9440608,2.9709215,2.4884431,-5.6969347,13.223624,0.15789469,0.07194363,0.11634349030470918,0.053239608801956904,0.20028141,0.047819987,True,3 vs Rest,3,Rest
Klhl15,0.961,0.039000000000000035,3.204412516836249,4.723257e-05,7.811804e-06,0.0,0.25,2.9439373,2.9639173,2.227212,-5.3072004,10.74828,0.18005534,0.14138114,0.146814404432133,0.11234718826405689,0.22616312,0.08934733,True,3 vs Rest,3,Rest
Hip1,0.9656,0.034399999999999986,3.3346928250625925,5.2456326e-05,7.271712e-06,0.0,0.25,2.9400303,3.068294,2.0625727,-5.157975,8.859932,0.29085875,0.053239528,0.18005540166204992,0.03312958435207815,0.40133607,0.038580187,True,3 vs Rest,3,Rest
Thbs3,0.9564,0.04359999999999997,3.088118866327286,3.2746175e-05,7.0290916e-06,0.0,0.25,2.9210188,2.6183796,2.5664635,-4.896494,14.298795,0.16066474,0.13141783,0.12465373961218841,0.10635696821515751,0.20477912,0.07984286,True,3 vs Rest,3,Rest
2700097O09Rik,0.9548,0.04520000000000002,3.0504045968609734,1.721934e-05,3.4152586e-06,0.0,0.25,2.9124665,2.8696404,2.3108215,-7.7252607,12.629676,0.1246537,0.19724898,0.1024930747922438,0.15959657701711014,0.16506472,0.12280763,True,3 vs Rest,3,Rest
Notch3,0.9612,0.038799999999999946,3.209762009904824,6.051498e-05,1.0143336e-05,0.0,0.25,2.9068313,2.9980874,2.4917047,-6.543126,11.599364,0.17174508,0.13068435,0.12465373961218841,0.08471882640586793,0.2410645,0.08766871,True,3 vs Rest,3,Rest
Carmn,0.9706,0.02939999999999998,3.4969194327933892,0.00010821651,1.5826257e-05,0.0,0.25,2.9035954,2.9040303,1.7936289,-3.44201,9.293711,0.44875363,0.21246901,0.257617728531856,0.1347799511002413,0.59500915,0.14026767,True,3 vs Rest,3,Rest
Serpine1,0.9638,0.03620000000000001,3.2818244195070476,0.00015363639,3.074129e-05,0.0,0.25,2.8980527,2.9538765,2.0389104,-4.763726,10.197243,0.66758996,0.48337317,0.24653739612188375,0.13288508557456905,0.8290605,0.31582698,True,3 vs Rest,3,Rest
Csmd1,0.9674,0.03259999999999996,3.390299475604788,0.001349277,0.00020126633,0.0,0.25,2.8937829,2.5821338,3.9217052,-8.068865,12.507484,13.116349,2.550215,0.6869806094182785,0.2686430317848294,18.478443,1.743272,True,3 vs Rest,3,Rest
Plce1,0.975,0.025000000000000022,3.663561256386136,0.00033860756,5.5457716e-05,0.0,0.25,2.8875124,3.0195436,1.5941412,-4.3140097,8.675622,2.4903085,0.514672,0.7590027700830978,0.2306234718826313,3.2994351,0.35051534,True,3 vs Rest,3,Rest
Irs1,0.97,0.030000000000000027,3.476098366811273,7.174034e-05,1.4078645e-05,0.0,0.25,2.8850794,3.0324187,2.2419686,-8.137965,10.073861,0.24653728,0.08636904,0.1578947368421053,0.0632029339853314,0.3331229,0.066354744,True,3 vs Rest,3,Rest
Tenm3,0.9668,0.03320000000000001,3.371441482045512,0.00041067542,7.5763455e-05,0.0,0.25,2.8781683,2.855308,2.827462,-6.337574,9.705604,3.0914161,1.4091003,0.601108033240994,0.3818459657701523,4.040334,0.89638084,True,3 vs Rest,3,Rest
Mtm1,0.9596,0.04039999999999999,3.167686508894722,4.848207e-05,1.0137989e-05,0.0,0.25,2.8736687,2.8450727,2.0627892,-4.139988,10.095381,0.20221598,0.3368575,0.16343490304709146,0.24052567237162822,0.26680923,0.21086705,True,3 vs Rest,3,Rest
Sv2b,0.971,0.029000000000000026,3.5110303037759842,0.00017682435,2.6192212e-05,0.0,0.25,2.869902,2.7836695,1.9545742,-3.8309298,11.8195505,0.91689736,0.20672332,0.36288088642659183,0.11253056234718646,1.2953485,0.14778967,True,3 vs Rest,3,Rest
Robo1,0.9688,0.031200000000000006,3.4356397872327245,0.001106781,0.00017292048,0.0,0.25,2.8691616,2.9316397,2.1163373,-3.8066006,8.8526125,9.6038885,2.042891,0.9224376731301877,0.5528728606357151,12.945322,1.4257475,True,3 vs Rest,3,Rest
Akt3,0.9644,0.035599999999999965,3.2991602379193363,0.00019531819,3.3001197e-05,0.0,0.25,2.8675647,2.9304895,2.2117221,-4.503806,9.2003565,1.6315771,1.137475,0.6038781163434871,0.4930929095354264,2.198441,0.7260809,True,3 vs Rest,3,Rest
Trim39,0.968,0.03200000000000003,3.409495882307477,7.096885e-05,1.0363614e-05,0.0,0.25,2.8659587,2.9403744,1.9547464,-4.4306936,9.075469,0.20221597,0.2460875,0.15235457063711916,0.19999999999999266,0.2424101,0.1549905,True,3 vs Rest,3,Rest
C1s1,0.9594,0.04059999999999997,3.16253978657807,0.00011184586,2.8089864e-05,0.0,0.25,2.8636827,2.9187746,2.235776,-5.342744,10.061289,0.48476467,0.15806815,0.2908587257617726,0.08826405867970634,0.6181913,0.123408884,True,3 vs Rest,3,Rest
Ctnnd2,0.9708,0.029200000000000004,3.5039514324132983,0.0006542086,0.00011161358,0.0,0.25,2.8629766,2.717548,2.917062,-5.759551,8.340642,5.74238,2.3373053,0.7451523545706326,0.47377750611244474,7.8373013,1.5679425,True,3 vs Rest,3,Rest
Zeb1,0.962,0.038000000000000034,3.23142803817647,0.00022611821,3.48731e-05,0.0,0.25,2.8530347,2.9169383,2.064702,-3.8194284,10.346749,1.437671,0.30605075,0.5512465373961192,0.15867970660146227,1.9598213,0.21139102,True,3 vs Rest,3,Rest
Slco3a1,0.9696,0.030399999999999983,3.4624406882690915,0.00015588541,2.3962451e-05,0.0,0.25,2.8491178,2.9266295,1.7964435,-4.2970896,9.4893265,1.2493062,0.56865466,0.5457063711911331,0.2817237163814056,1.6892718,0.37356317,True,3 vs Rest,3,Rest
Rnf150,0.963,0.03700000000000003,3.2591352392678825,0.00045163187,6.1829815e-05,0.0,0.25,2.837376,2.9790826,2.1250648,-4.956829,9.454202,3.426598,0.63059,0.7479224376731256,0.2762224938875184,4.7843924,0.4478691,True,3 vs Rest,3,Rest
Cdk14,0.967,0.03300000000000003,3.377690641297818,7.4639735e-05,1.5077752e-05,0.0,0.25,2.8312194,2.988583,2.1100717,-4.848418,8.525178,0.52354604,0.41650283,0.30193905817174477,0.20562347188263289,0.7309128,0.26211035,True,3 vs Rest,3,Rest
Lrig1,0.961,0.039000000000000035,3.204412516836249,0.00016728157,3.092707e-05,0.0,0.25,2.8280194,2.878852,1.8301677,-4.5343075,8.180486,1.2382262,0.42230964,0.54293628808864,0.27713936430316627,1.5712242,0.28560886,True,3 vs Rest,3,Rest
Eva1c,0.9562,0.04379999999999995,3.0833330609571905,7.389509e-05,1.2059813e-05,0.0,0.25,2.8243504,2.974502,2.4351835,-6.0782404,11.32661,0.26592794,0.1268335,0.18559556786703607,0.09009779951100207,0.38346463,0.09231608,True,3 vs Rest,3,Rest
Wipi2,0.9694,0.03059999999999996,3.4556769979712687,0.00010483835,1.9563144e-05,0.0,0.25,2.8223462,2.8140392,1.6118565,-2.6235075,8.824064,0.6786705,0.5967819,0.41551246537395975,0.37701711491440687,0.8934151,0.37105274,True,3 vs Rest,3,Rest
Dtx4,0.966,0.03400000000000003,3.3468030258307184,1.7740924e-05,4.4237363e-06,0.0,0.25,2.8216465,2.8773174,2.4933608,-8.510393,12.283027,0.14127418,0.058068354,0.11911357340720226,0.04511002444987826,0.17037846,0.037593726,True,3 vs Rest,3,Rest
Arntl,0.9606,0.03939999999999999,3.1937920295299222,8.542586e-05,1.6465432e-05,0.0,0.25,2.820707,2.8929672,2.056147,-4.775791,9.775099,0.62049866,0.48031685,0.4072022160664806,0.3210880195598872,0.84836894,0.31733936,True,3 vs Rest,3,Rest
Wdr72,0.9542,0.04579999999999995,3.036588994101264,6.421538e-05,8.430329e-06,0.0,0.25,2.8173132,2.9525528,2.6226165,-8.130967,12.827281,0.18559551,0.23001178,0.11911357340720226,0.13484107579461782,0.24192262,0.14175743,True,3 vs Rest,3,Rest
Sh3pxd2b,0.9686,0.031399999999999983,3.429043528907814,0.0001028644,1.9276495e-05,0.0,0.25,2.8171325,2.855836,1.6489935,-4.9306736,8.274498,0.8421055,0.1681537,0.4930747922437651,0.11845965770170931,1.1210018,0.11851668,True,3 vs Rest,3,Rest
Dgkh,0.9646,0.03539999999999999,3.305001415376299,0.00011161512,1.8688339e-05,0.0,0.25,2.8139124,2.9022002,1.9135455,-4.066886,10.82345,0.8614956,0.34651518,0.42659279778393194,0.1985941320293326,1.1618242,0.24484561,True,3 vs Rest,3,Rest
Lclat1,0.9624,0.03759999999999997,3.2424258586979,3.176409e-05,6.3245043e-06,0.0,0.25,2.8073227,2.7964287,2.02955,-3.9442644,10.399394,0.25484756,0.20409495,0.18836565096952915,0.13850855745720927,0.3383696,0.13276923,True,3 vs Rest,3,Rest
Acsf3,0.9574,0.04259999999999997,3.112366799386283,1.838896e-05,4.717243e-06,0.0,0.25,2.8036942,2.640112,2.4210699,-5.6539907,12.580181,0.11634344,0.17102654,0.1024930747922438,0.14798288508557053,0.1445479,0.104454376,True,3 vs Rest,3,Rest
Ccdc141,0.9688,0.031200000000000006,3.4356397872327245,0.00016093811,2.5555342e-05,0.0,0.25,2.8016999,2.8099022,1.7173941,-3.5854158,9.553267,1.1468141,0.3704149,0.4986149584487512,0.18838630806845305,1.5177472,0.24214971,True,3 vs Rest,3,Rest
Fam13a,0.965,0.03500000000000003,3.316779764498021,0.000100528254,1.8725596e-05,0.0,0.25,2.7998571,2.8825154,1.8862339,-4.311039,8.67049,0.520776,0.36601394,0.3102493074792239,0.1710880195598967,0.6819159,0.24544492,True,3 vs Rest,3,Rest
Sema3d,0.9604,0.03959999999999997,3.1885205039737716,7.358354e-05,1.1449911e-05,0.0,0.25,2.7963967,2.8322463,2.388078,-6.9020977,10.98986,0.3905819,0.145721,0.20221606648199453,0.07292176039119876,0.48588547,0.09334361,True,3 vs Rest,3,Rest
Rarb,0.9566,0.043399999999999994,3.0929256701788073,0.00016474455,1.9731886e-05,0.0,0.25,2.7939336,2.8650746,3.468012,-8.780963,15.81713,0.6094182,0.11424186,0.2299168975069253,0.05605134474327734,0.89234895,0.08429799,True,3 vs Rest,3,Rest
Tbrg4,0.9578,0.042200000000000015,3.122218540340339,2.4249697e-05,4.0070854e-06,0.0,0.25,2.7874513,2.7956638,2.1592832,-6.0710564,9.870835,0.11357336,0.12004866,0.10526315789473688,0.10666259168704013,0.15163682,0.07086547,True,3 vs Rest,3,Rest
Nhs,0.9616,0.03839999999999999,3.2205408541699643,0.000618537,8.112845e-05,0.0,0.25,2.770999,2.7897196,2.7938428,-6.04364,10.853256,4.8836546,0.5220091,0.6426592797783898,0.1705990220048845,6.563825,0.3887162,True,3 vs Rest,3,Rest
Trabd2b,0.9622,0.037799999999999945,3.236912972482433,5.404876e-05,8.282451e-06,0.0,0.25,2.7592282,2.8574734,2.6208923,-5.7110443,12.061784,0.4044323,0.104217425,0.22160664819944606,0.05702933985330184,0.56545395,0.07129414,True,3 vs Rest,3,Rest
Smo,0.9672,0.03280000000000005,3.3839764893716042,7.0013644e-05,1.4962411e-05,0.0,0.25,2.7575014,2.9115777,1.5423322,-2.2009373,7.51803,0.5567871,0.17665002,0.371191135734071,0.12866748166258887,0.72090423,0.11651456,True,3 vs Rest,3,Rest
Dkk3,0.9628,0.03720000000000001,3.2535366861990203,1.7710388e-05,5.1426923e-06,0.0,0.25,2.753907,2.8473935,2.6747305,-7.458395,12.390675,0.12465369,0.035574522,0.10803324099722995,0.022921760391197917,0.1642612,0.025405988,True,3 vs Rest,3,Rest
Kif16b,0.9628,0.03720000000000001,3.2535366861990203,6.9737114e-05,1.5289588e-05,0.0,0.25,2.749769,2.8688846,2.0781052,-4.7209473,8.213161,0.39612213,0.44816533,0.2631578947368421,0.2933985330073217,0.5337509,0.2871822,True,3 vs Rest,3,Rest
Sema6a,0.9694,0.03059999999999996,3.4556769979712687,0.00014796342,2.5450232e-05,0.0,0.25,2.738527,2.7825136,1.740374,-3.9098778,9.419638,1.1800545,0.30550063,0.47922437673129986,0.15715158924204917,1.5799513,0.20555168,True,3 vs Rest,3,Rest
Atad5,0.956,0.04400000000000004,3.078568062320689,3.3585613e-05,7.2074095e-06,0.0,0.25,2.7365863,2.6976328,2.2294996,-4.268939,11.340122,0.14681436,0.14792147,0.10526315789473688,0.1030562347188252,0.17615674,0.08119101,True,3 vs Rest,3,Rest
Tnfsf10,0.958,0.04200000000000004,3.127177932030695,0.00011699152,2.540668e-05,0.0,0.25,2.7346413,2.7626185,1.8897599,-6.352314,10.617874,0.7368422,0.3637523,0.40997229916897365,0.2074572127139286,0.9109612,0.2421592,True,3 vs Rest,3,Rest
A930015D03Rik,0.956,0.04400000000000004,3.078568062320689,5.7422996e-05,1.4424014e-05,0.0,0.25,2.7272031,2.8581815,2.3479698,-4.824765,11.842741,0.2963989,0.21191889,0.21052631578947376,0.1448655256723678,0.41201302,0.14498007,True,3 vs Rest,3,Rest
Airn,0.9596,0.04039999999999999,3.167686508894722,0.0002696536,5.03999e-05,0.0,0.25,2.725987,2.8055382,2.79474,-6.0568857,11.068029,1.8504148,0.39785987,0.44321329639889023,0.1635085574572077,2.659069,0.2904234,True,3 vs Rest,3,Rest
Heatr5a,0.957,0.04300000000000004,3.1026030536505993,4.7193385e-05,1.0606104e-05,0.0,0.25,2.7192645,2.7657933,2.0704234,-4.403515,9.7296915,0.24930736,0.19792137,0.182825484764543,0.1454156479217565,0.3424334,0.12650022,True,3 vs Rest,3,Rest
Rgma,0.959,0.041000000000000036,3.152318774704249,7.316083e-05,1.8232746e-05,0.0,0.25,2.7169077,2.8225727,2.0348015,-4.959943,8.769492,0.5983383,0.12866724,0.39889196675900146,0.09242053789730999,0.7728729,0.10256217,True,3 vs Rest,3,Rest
Adamts9,0.968,0.03200000000000003,3.409495882307477,0.00043904062,7.132373e-05,0.0,0.25,2.7158403,2.7819333,1.6842347,-2.6608524,7.090728,3.5734124,1.5124742,0.8033240997229866,0.4703545232273594,4.761007,0.9694715,True,3 vs Rest,3,Rest
Gm26885,0.958,0.04200000000000004,3.127177932030695,6.472064e-05,9.900101e-06,0.0,0.25,2.7146094,2.7533956,2.4003553,-5.278805,12.0591135,0.17728527,0.13789707,0.10526315789473688,0.08264058679706611,0.22289525,0.0870964,True,3 vs Rest,3,Rest
Zswim4,0.9592,0.04079999999999995,3.157417287630535,8.792598e-05,1.9223475e-05,0.0,0.25,2.7114847,2.7180076,1.9168746,-3.8964396,10.164781,0.40166223,0.38380116,0.25484764542936295,0.2585574572127029,0.52667004,0.25068465,True,3 vs Rest,3,Rest
Rfng,0.9536,0.0464,3.0229446320482345,3.4654324e-05,9.309799e-06,0.0,0.25,2.7051804,2.6728683,2.3896456,-7.1763277,11.159584,0.13296393,0.14908282,0.11080332409972303,0.13062347188263765,0.14840391,0.09105475,True,3 vs Rest,3,Rest
Eml6,0.9562,0.04379999999999995,3.0833330609571905,0.00010903174,2.0323656e-05,0.0,0.25,2.702728,2.7771964,2.3086174,-5.2106,9.326245,0.4570638,0.6598808,0.21329639889196683,0.29779951100243146,0.5621113,0.43800807,True,3 vs Rest,3,Rest
Afap1l2,0.9592,0.04079999999999995,3.157417287630535,0.00010384512,2.145615e-05,0.0,0.25,2.6990788,2.833592,2.2739851,-5.274295,9.624939,0.7340723,0.29193094,0.39335180055401536,0.1880195599021939,0.99660206,0.20183052,True,3 vs Rest,3,Rest
Cxadr,0.9696,0.030399999999999983,3.4624406882690915,0.00023377931,4.2995962e-05,0.0,0.25,2.6953847,2.7735863,1.5772336,-3.57516,8.514479,1.6703585,1.1014863,0.5817174515235427,0.4139364303178275,2.1768413,0.7189477,True,3 vs Rest,3,Rest
Casr,0.9578,0.042200000000000015,3.122218540340339,5.9706523e-05,1.121569e-05,0.0,0.25,2.6947339,2.7318296,2.572611,-6.5374126,12.688055,0.22437665,0.15519531,0.14404432132963993,0.0909535452322734,0.30604342,0.10241418,True,3 vs Rest,3,Rest
Ncam1,0.9706,0.02939999999999998,3.4969194327933892,0.00018208595,3.0948446e-05,0.0,0.25,2.688812,2.6743712,1.5668763,-3.7787857,8.501145,1.2243764,0.26864254,0.42105263157894585,0.1196821515892398,1.6102779,0.17661646,True,3 vs Rest,3,Rest
Eef2k,0.96,0.040000000000000036,3.1780535907646423,2.4164114e-05,6.1490564e-06,0.0,0.25,2.6838431,2.8807783,2.4197264,-8.179324,9.857281,0.20498604,0.15996301,0.18005540166204992,0.11784841075794407,0.26880834,0.11277121,True,3 vs Rest,3,Rest
Ripk4,0.9624,0.03759999999999997,3.2424258586979,5.4469325e-05,1.114251e-05,0.0,0.25,2.680641,2.69801,1.8337708,-5.368992,10.03361,0.27423814,0.31430253,0.20221606648199453,0.23722493887529592,0.33590767,0.1987706,True,3 vs Rest,3,Rest
Pxn,0.9628,0.03720000000000001,3.2535366861990203,6.265855e-05,1.36426415e-05,0.0,0.25,2.6794615,2.752746,1.7386296,-6.494069,10.235622,0.4127427,0.4142412,0.31301939058171696,0.3055012224938735,0.51582724,0.266134,True,3 vs Rest,3,Rest
Ddx19b,0.9624,0.03759999999999997,3.2424258586979,2.5947598e-05,5.490956e-06,0.0,0.25,2.677978,2.5965734,2.178619,-5.9156284,12.281965,0.121883616,0.18960841,0.10803324099722995,0.15531784841075344,0.14640649,0.11795721,True,3 vs Rest,3,Rest
Gm20275,0.9558,0.04420000000000002,3.0738236812785265,0.00029847203,4.1377352e-05,0.0,0.25,2.6674132,2.5630512,3.0485685,-6.4391623,14.423667,1.7645426,0.44682062,0.3905817174515223,0.17194376528116803,2.545102,0.31449237,True,3 vs Rest,3,Rest
Mid1,0.9658,0.03420000000000001,3.3407308473273742,0.00047826237,8.8148656e-05,0.0,0.25,2.6645129,2.7998161,1.9509101,-4.4589176,7.1949472,4.130195,1.1804359,0.8199445983379449,0.4237163814180714,5.76378,0.832853,True,3 vs Rest,3,Rest
Dennd5a,0.9602,0.03979999999999995,3.1832744429646964,5.535413e-05,1.0715603e-05,0.0,0.25,2.6624281,2.693748,2.00962,-4.613697,9.273375,0.4127426,0.18765244,0.2853185595567865,0.14138141809290591,0.53322476,0.12279929,True,3 vs Rest,3,Rest
Fgf13,0.9714,0.02859999999999996,3.525331272729971,0.00027645816,4.872157e-05,0.0,0.25,2.6552691,2.3888326,3.2423267,-7.3007708,9.055385,1.9445976,0.66286325,0.4459833795013833,0.21100244498776702,2.7256353,0.47300178,True,3 vs Rest,3,Rest
Megf8,0.9646,0.03539999999999999,3.305001415376299,3.6205427e-05,7.223279e-06,0.0,0.25,2.6534646,2.807744,1.9976383,-6.881301,10.922288,0.20775613,0.15220018,0.1717451523545707,0.13239608801955685,0.26633716,0.10297909,True,3 vs Rest,3,Rest
Rhbdl3,0.9624,0.03759999999999997,3.2424258586979,0.00014827358,2.8067214e-05,0.0,0.25,2.6512942,2.801556,1.8547742,-4.231408,9.019307,1.0166203,0.4423585,0.4986149584487512,0.2611246943765169,1.370992,0.28584987,True,3 vs Rest,3,Rest
Sulf1,0.9684,0.03159999999999996,3.4224877983417037,0.00042871045,7.115389e-05,0.0,0.25,2.648165,2.7751446,1.5268471,-3.5745993,7.8061686,3.421056,0.55104965,0.7562326869806048,0.21167481662590878,4.53208,0.40374753,True,3 vs Rest,3,Rest
Efhb,0.9646,0.03539999999999999,3.305001415376299,8.61439e-05,1.3965516e-05,0.0,0.25,2.6465507,2.5913672,1.683905,-2.9575844,9.284724,0.35457078,0.23098977,0.20221606648199453,0.1473716381418053,0.47897002,0.13822152,True,3 vs Rest,3,Rest
Mme,0.9566,0.043399999999999994,3.0929256701788073,4.750904e-05,9.498024e-06,0.0,0.25,2.6389956,2.6692472,2.6468315,-7.635727,12.545527,0.21329634,0.09370399,0.1135734072022161,0.051222493887531376,0.19729403,0.058091115,True,3 vs Rest,3,Rest
Rassf5,0.9544,0.045599999999999974,3.041174945442932,6.28132e-05,1.2900485e-05,0.0,0.25,2.6343448,2.6230693,2.0252967,-4.095891,10.138997,0.2963989,0.17799476,0.21052631578947376,0.12139364303178247,0.3899227,0.11482491,True,3 vs Rest,3,Rest
Col5a1,0.9578,0.042200000000000015,3.122218540340339,4.164577e-05,9.335377e-06,0.0,0.25,2.6306465,2.590085,1.9549155,-4.1022673,10.385955,0.17174506,0.21326363,0.146814404432133,0.12658924205378705,0.22082809,0.13031028,True,3 vs Rest,3,Rest
Arhgap31,0.9582,0.04179999999999995,3.132159956120126,5.0688468e-05,1.0411327e-05,0.0,0.25,2.6296706,2.7339592,2.5921001,-6.344122,11.725524,0.22991681,0.20433944,0.15512465373961223,0.13037897310513155,0.31006235,0.1327273,True,3 vs Rest,3,Rest
E130307A14Rik,0.9584,0.04159999999999997,3.1371648301434383,3.6634294e-05,7.2453918e-06,0.0,0.25,2.6277142,2.718966,2.343014,-5.383419,11.1844225,0.22991678,0.16075763,0.16897506925207761,0.11833740831295626,0.30143338,0.10430671,True,3 vs Rest,3,Rest
Tmtc1,0.964,0.03600000000000003,3.2875720887501396,0.00019092392,3.687963e-05,0.0,0.25,2.6208966,2.6972084,2.2907357,-4.7935457,9.758495,1.3074785,0.17799477,0.5041551246537374,0.09107579462102645,1.8593551,0.1387275,True,3 vs Rest,3,Rest
Bnc2,0.957,0.04300000000000004,3.1026030536505993,0.000121676065,1.9749788e-05,0.0,0.25,2.6115618,2.6363788,2.5278718,-5.5873585,10.185754,0.6038781,0.11418073,0.27700831024930733,0.05757946210269062,0.8676863,0.09192864,True,3 vs Rest,3,Rest
Zfp398,0.9588,0.041200000000000014,3.1472440139160347,4.449832e-05,1.1198285e-05,0.0,0.25,2.6095996,2.6348886,1.988063,-6.2611856,9.833799,0.3379503,0.33826336,0.26592797783933514,0.24792176039118766,0.47881237,0.21790208,True,3 vs Rest,3,Rest
Gucy1a2,0.9584,0.04159999999999997,3.1371648301434383,5.59893e-05,1.3480677e-05,0.0,0.25,2.608951,2.7352371,2.6224864,-7.7510605,10.977514,0.4293631,0.16595326,0.23545706371191144,0.07438875305623534,0.5654685,0.11809325,True,3 vs Rest,3,Rest
Msrb3,0.963,0.03700000000000003,3.2591352392678825,0.00015162177,2.9778104e-05,0.0,0.25,2.6084902,2.6230345,1.756143,-3.3059282,8.865182,0.8531853,0.2457819,0.4238227146814389,0.14400977995109646,1.1429318,0.18019184,True,3 vs Rest,3,Rest
Csmd2,0.953,0.04700000000000004,3.0094670996713875,0.000111528505,1.7922532e-05,0.0,0.25,2.6067264,2.6731443,2.2921538,-5.5526533,10.672002,0.45429385,0.3870408,0.18559556786703607,0.19688264058678992,0.6276504,0.24279848,True,3 vs Rest,3,Rest
Sdc3,0.9646,0.03539999999999999,3.305001415376299,7.449012e-05,1.6848866e-05,0.0,0.25,2.5922427,2.5957108,1.758169,-3.3429518,8.614273,0.6011082,0.17646664,0.39335180055401536,0.12243276283618339,0.7504316,0.122460194,True,3 vs Rest,3,Rest
Zbtb10,0.975,0.025000000000000022,3.663561256386136,0.00016654069,2.6590136e-05,0.0,0.25,2.587389,2.5808463,1.3740165,-2.4090414,7.8044786,1.1385038,0.46161273,0.487534626038779,0.27310513447431567,1.4273548,0.28851876,True,3 vs Rest,3,Rest
Nup93,0.9612,0.038799999999999946,3.209762009904824,1.8081244e-05,4.0621776e-06,0.0,0.25,2.5822144,2.5419846,2.009316,-5.4258413,10.752888,0.12465368,0.29932702,0.10803324099722995,0.20495110024449112,0.15124199,0.17372966,True,3 vs Rest,3,Rest
Zdhhc17,0.9566,0.043399999999999994,3.0929256701788073,4.229404e-05,9.923933e-06,0.0,0.25,2.5764682,2.6576204,1.7138771,-4.537407,7.464554,0.31024936,0.30611184,0.2299168975069253,0.22720048899754594,0.39772996,0.20264226,True,3 vs Rest,3,Rest
Apaf1,0.9698,0.030200000000000005,3.469247619476059,0.00015471879,2.6510119e-05,0.0,0.25,2.5726075,2.555552,1.5182745,-3.5009327,8.840212,1.0110799,0.6539456,0.4542936288088624,0.37567237163812334,1.3211362,0.39887717,True,3 vs Rest,3,Rest
Ifit2,0.9592,0.04079999999999995,3.157417287630535,0.00011451864,2.4343315e-05,0.0,0.25,2.5682578,2.5555882,1.9507879,-3.7205324,10.544892,0.4127424,0.26026857,0.17728531855955684,0.06992665036674907,0.4700781,0.15097715,True,3 vs Rest,3,Rest
Kalrn,0.9614,0.03859999999999997,3.2151380303232497,0.0004283372,7.647897e-05,0.0,0.25,2.5620406,2.5494413,2.4111445,-4.8205338,9.07623,3.839342,1.2295781,0.7506925207756187,0.420171149144233,5.260362,0.84560084,True,3 vs Rest,3,Rest
Rai1,0.9616,0.03839999999999999,3.2205408541699643,9.193688e-05,1.8822193e-05,0.0,0.25,2.5521452,2.6006203,1.5728699,-2.8541946,7.069416,0.62049854,0.20458394,0.4127423822714667,0.15586797066014216,0.8796157,0.14231561,True,3 vs Rest,3,Rest
Igfbp4,0.964,0.03600000000000003,3.2875720887501396,0.00016917872,4.862006e-05,0.0,0.25,2.546366,2.6963153,2.0237856,-4.6234913,9.674295,1.4709135,0.55251217,0.5567867036011053,0.1938264058679637,1.8432001,0.45964006,True,3 vs Rest,3,Rest
Wscd1,0.9592,0.04079999999999995,3.157417287630535,2.454786e-05,6.408364e-06,0.0,0.25,2.5385895,2.6032205,2.146137,-5.3113136,10.349554,0.18559548,0.07108789,0.14127423822714685,0.052750611246944655,0.21657814,0.053160135,True,3 vs Rest,3,Rest
St6gal1,0.9588,0.041200000000000014,3.1472440139160347,2.3540584e-05,6.033294e-06,0.0,0.25,2.5376463,2.7587156,2.9783375,-8.806179,10.650692,0.15789469,0.06852066,0.10803324099722995,0.04504889975550173,0.23000468,0.046456013,True,3 vs Rest,3,Rest
Rnf103,0.9546,0.045399999999999996,3.0457800897357927,6.8729874e-05,1.1656118e-05,0.0,0.25,2.5366771,2.5350895,1.8451362,-3.3728085,9.133301,0.24099712,0.35146627,0.17728531855955684,0.24511002444986754,0.3022284,0.22465962,True,3 vs Rest,3,Rest
Helb,0.9532,0.04679999999999995,3.0139413391167738,3.3287753e-05,8.511763e-06,0.0,0.25,2.5323775,2.4705558,1.9066199,-3.7039165,10.1929655,0.21329628,0.16546421,0.17451523545706377,0.13893643031784494,0.2706355,0.10470002,True,3 vs Rest,3,Rest
Map2k7,0.9606,0.03939999999999999,3.1937920295299222,4.6011573e-05,9.41124e-06,0.0,0.25,2.531836,2.486609,1.7908442,-3.9290075,10.38674,0.19390571,0.30036613,0.16897506925207761,0.24168704156478218,0.2276101,0.18352544,True,3 vs Rest,3,Rest
Zbtb1,0.9572,0.04279999999999995,3.1074740302487736,2.9796392e-05,7.2235293e-06,0.0,0.25,2.52672,2.5025759,1.8302215,-3.7789526,9.456419,0.25761762,0.3034835,0.2049861495844876,0.23074572127138435,0.31690866,0.18967971,True,3 vs Rest,3,Rest
Prkce,0.965,0.03500000000000003,3.316779764498021,0.00019644528,3.2261025e-05,0.0,0.25,2.5262575,2.4513001,2.3487751,-4.7589865,8.581307,1.4875333,0.39639282,0.5706371191135705,0.22194376528116486,2.037222,0.28047517,True,3 vs Rest,3,Rest
Parp9,0.9576,0.04239999999999999,3.1172815665995963,0.00014473104,3.386227e-05,0.0,0.25,2.5230224,2.5469337,1.621473,-3.313488,7.773731,1.066482,0.6911146,0.5484764542936261,0.40446210268946625,1.3725009,0.44249305,True,3 vs Rest,3,Rest
Boc,0.9538,0.04620000000000002,3.0274740018106154,0.00019721845,3.7534297e-05,0.0,0.25,2.5190198,2.5952058,2.3664205,-7.013465,10.963408,1.5983361,0.23691885,0.601108033240994,0.11625916870415444,2.270491,0.20061252,True,3 vs Rest,3,Rest
Cyyr1,0.9534,0.046599999999999975,3.0184337975356508,0.00016659441,2.4433202e-05,0.0,0.25,2.5165105,2.4999719,2.7186859,-6.349227,10.312262,0.9085872,0.5099034,0.18836565096952915,0.20116136919314662,1.2290252,0.32697445,True,3 vs Rest,3,Rest
Thbs1,0.9562,0.04379999999999995,3.0833330609571905,6.4373984e-05,1.7257598e-05,0.0,0.25,2.516043,2.6087484,2.1924632,-7.542061,11.172233,0.2049861,0.29064742,0.1135734072022161,0.08251833740831306,0.2590419,0.1890439,True,3 vs Rest,3,Rest
Fndc3b,0.9588,0.041200000000000014,3.1472440139160347,0.0002768443,4.4162192e-05,0.0,0.25,2.512332,2.5971565,2.0365412,-4.476968,7.9224358,1.9639878,0.5704302,0.6260387811634315,0.28337408312957174,2.707826,0.39435908,True,3 vs Rest,3,Rest
Ttc39c,0.9528,0.04720000000000002,3.005010924080578,8.936284e-05,1.2354432e-05,0.0,0.25,2.5020185,2.5471187,1.9723998,-3.9587727,9.012644,0.2493074,0.26332465,0.16897506925207761,0.1852078239608738,0.35999483,0.16588986,True,3 vs Rest,3,Rest
Zbtb16,0.955,0.04500000000000004,3.0550486389594163,6.619086e-05,1.0010067e-05,0.0,0.25,2.501779,2.479692,3.0659409,-7.6307325,13.539346,0.17728525,0.14682125,0.11080332409972303,0.09706601466992583,0.2528449,0.09793595,True,3 vs Rest,3,Rest
Phldb2,0.9666,0.033399999999999985,3.3652285703727176,0.00015011526,2.8198136e-05,0.0,0.25,2.4970295,2.5707598,1.5337759,-4.481654,7.750124,1.0221604,0.20323922,0.5069252077562304,0.10036674816625814,1.38143,0.15885258,True,3 vs Rest,3,Rest
Pde10a,0.9592,0.04079999999999995,3.157417287630535,6.782466e-05,1.3547742e-05,0.0,0.25,2.4877868,2.5654712,1.7923898,-4.1339884,8.0296135,0.34626055,0.3036058,0.21052631578947376,0.16919315403422444,0.4373648,0.194782,True,3 vs Rest,3,Rest
Naaladl2,0.9612,0.038799999999999946,3.209762009904824,0.0003762737,7.3707655e-05,0.0,0.25,2.4865139,2.5231104,2.6390512,-5.919511,9.287177,2.5429385,0.9870386,0.5180055401662026,0.2920537897310382,3.6379757,0.7278281,True,3 vs Rest,3,Rest
Col19a1,0.9554,0.04459999999999997,3.0643960281814424,0.00014184622,3.0063635e-05,0.0,0.25,2.4804235,2.4695687,1.905176,-4.146084,9.676668,0.80609417,0.32298225,0.3268698060941822,0.1511613691931498,1.1109833,0.20673414,True,3 vs Rest,3,Rest
Kctd4,0.9532,0.04679999999999995,3.0139413391167738,5.9317714e-05,1.895503e-05,0.0,0.25,2.4763496,2.5196733,2.337954,-7.2611446,9.748871,0.4875348,0.19834924,0.3324099722991683,0.1300122249388724,0.6223657,0.1459494,True,3 vs Rest,3,Rest
Zcchc2,0.9686,0.031399999999999983,3.429043528907814,8.279687e-05,1.7465685e-05,0.0,0.25,2.4727645,2.5639477,1.467784,-3.7858915,8.822336,0.6565098,0.4147302,0.4404432132963972,0.27860635696820285,0.83357656,0.2759994,True,3 vs Rest,3,Rest
Camk4,0.9658,0.03420000000000001,3.3407308473273742,0.00024359148,4.7421472e-05,0.0,0.25,2.4717672,2.5048313,1.6310966,-4.323331,9.306519,2.016619,0.68065625,0.6759002770083063,0.3024449877750473,2.7371979,0.4176446,True,3 vs Rest,3,Rest
Tbc1d1,0.9694,0.03059999999999996,3.4556769979712687,9.5735326e-05,1.8146082e-05,0.0,0.25,2.4693584,2.467989,1.5256065,-3.7079363,8.486159,0.63988936,0.80758184,0.3656509695290849,0.4308679706601247,0.8459604,0.5048949,True,3 vs Rest,3,Rest
Cradd,0.9574,0.04259999999999997,3.112366799386283,0.0001558587,3.146895e-05,0.0,0.25,2.4682915,2.50072,2.071141,-5.66488,13.402616,0.41274258,0.32127073,0.19944598337950145,0.21253056234718012,0.5900313,0.20512147,True,3 vs Rest,3,Rest
Filip1l,0.97,0.030000000000000027,3.476098366811273,0.00034666085,6.9614456e-05,0.0,0.25,2.4663913,2.531694,1.418952,-2.7440414,7.443451,2.6343515,1.5726768,0.714681440443209,0.5229828850855676,3.4756532,0.99865043,True,3 vs Rest,3,Rest
Yap1,0.9618,0.03820000000000001,3.225970761848134,0.00010276481,2.303022e-05,0.0,0.25,2.4606733,2.5242152,1.6957893,-4.319644,9.232145,0.7756233,0.27805567,0.4459833795013833,0.18202933985329453,1.0066795,0.19229493,True,3 vs Rest,3,Rest
Zfp507,0.9586,0.04139999999999999,3.1421927747802774,3.7720878e-05,7.781336e-06,0.0,0.25,2.4577558,2.411749,1.7776017,-4.668911,11.843365,0.24376719,0.21094088,0.182825484764543,0.17145476772615584,0.30180418,0.12903343,True,3 vs Rest,3,Rest
Pign,0.958,0.04200000000000004,3.127177932030695,7.687757e-05,1.6138441e-05,0.0,0.25,2.4571922,2.5071783,1.693395,-3.4204664,8.010343,0.4182828,0.3311118,0.2880886426592795,0.2498166259168599,0.5453567,0.2131932,True,3 vs Rest,3,Rest
Mcph1,0.9532,0.04679999999999995,3.0139413391167738,3.6821737e-05,7.925723e-06,0.0,0.25,2.4553442,2.510622,1.9833786,-4.030898,8.937419,0.1966758,0.1895473,0.16066481994459839,0.1405867970660111,0.25461394,0.107185476,True,3 vs Rest,3,Rest
Map3k7cl,0.9554,0.04459999999999997,3.0643960281814424,5.9163045e-05,1.1923807e-05,0.0,0.25,2.4359512,2.4149895,2.4676282,-6.3140793,10.947962,0.18282543,0.15103884,0.11080332409972303,0.08117359413202953,0.22314034,0.09728755,True,3 vs Rest,3,Rest
Herc4,0.9552,0.04479999999999995,3.0597123904721504,8.317576e-05,1.8676465e-05,0.0,0.25,2.428056,2.5100427,1.7779418,-3.8943558,8.265545,0.6426594,0.720957,0.40443213296398756,0.4106356968214952,0.8661346,0.471597,True,3 vs Rest,3,Rest
Erc1,0.9634,0.036599999999999966,3.270420190944699,9.349795e-05,2.1607668e-05,0.0,0.25,2.4264634,2.4107742,1.4720254,-2.846984,9.385878,0.68144023,0.5416966,0.4349030470914111,0.33960880195597404,0.9260129,0.35041246,True,3 vs Rest,3,Rest
Ssbp2,0.9558,0.04420000000000002,3.0738236812785265,0.0001278456,2.7031592e-05,0.0,0.25,2.4160647,2.4577231,2.2291272,-4.7095594,7.9777985,1.0055397,0.4380798,0.4570637119113555,0.23600244498776543,1.3368176,0.3091817,True,3 vs Rest,3,Rest
Syne1,0.9596,0.04039999999999999,3.167686508894722,0.00018025981,3.752163e-05,0.0,0.25,2.4159,2.4693232,1.6254442,-3.5712585,7.529624,1.421051,0.42573267,0.5789473684210497,0.1773838630806787,1.9429994,0.27715752,True,3 vs Rest,3,Rest
Nexn,0.9532,0.04679999999999995,3.0139413391167738,5.0608814e-05,1.3502177e-05,0.0,0.25,2.414197,2.490131,2.0498972,-6.2786493,9.4322405,0.19667582,0.08172358,0.13019390581717455,0.04535452322738438,0.22449496,0.06268481,True,3 vs Rest,3,Rest
Zdhhc8,0.9546,0.045399999999999996,3.0457800897357927,3.760057e-05,8.851029e-06,0.0,0.25,2.3976662,2.4078264,1.7383438,-4.1404457,8.671638,0.1800553,0.12402176,0.146814404432133,0.10990220048899592,0.21305683,0.079340965,True,3 vs Rest,3,Rest
Wdr7,0.9528,0.04720000000000002,3.005010924080578,5.339776e-05,1.2532705e-05,0.0,0.25,2.3903627,2.4797635,2.2898343,-5.971509,9.639971,0.32132974,0.26955935,0.2271468144044322,0.1976161369193082,0.4440462,0.17535466,True,3 vs Rest,3,Rest
Vash2,0.954,0.04600000000000004,3.03202206805009,6.548168e-05,1.5694472e-05,0.0,0.25,2.3788073,2.2816787,2.1737967,-5.2598953,13.17444,0.28531858,0.16638109,0.2160664819944599,0.1269559902200462,0.34304124,0.103690214,True,3 vs Rest,3,Rest
Pced1b,0.9556,0.044399999999999995,3.0690997312529054,4.3241627e-05,9.061854e-06,0.0,0.25,2.378091,2.45006,2.6662378,-7.0266314,10.53032,0.24376722,0.12652788,0.15512465373961223,0.09064792176039078,0.37946177,0.08706686,True,3 vs Rest,3,Rest
Fbn1,0.9596,0.04039999999999999,3.167686508894722,0.00010639631,2.2967195e-05,0.0,0.25,2.3724616,2.4255104,1.5237063,-2.900896,7.200429,0.78393364,0.21998735,0.4515235457063694,0.12909535452322454,1.006774,0.1417237,True,3 vs Rest,3,Rest
Parp14,0.9648,0.03520000000000001,3.310874469642843,0.0002783727,6.492599e-05,0.0,0.25,2.3722267,2.40511,1.3863292,-2.8262234,6.930393,2.592799,1.0984302,0.8199445983379449,0.4520171149144021,3.326706,0.7416089,True,3 vs Rest,3,Rest
Inpp4b,0.9536,0.0464,3.0229446320482345,0.000117264055,2.2069307e-05,0.0,0.25,2.3689132,2.4580765,2.0560925,-4.8367834,8.558089,0.7146813,0.15415622,0.3490304709141266,0.07793398533007374,1.0658025,0.10891364,True,3 vs Rest,3,Rest
Camkmt,0.959,0.041000000000000036,3.152318774704249,0.00010306039,1.8064162e-05,0.0,0.25,2.354757,2.53611,2.8887618,-9.063313,10.354119,0.27423817,0.27029288,0.14127423822714685,0.1438875305623434,0.36694533,0.174912,True,3 vs Rest,3,Rest
Igdcc4,0.9576,0.04239999999999999,3.1172815665995963,0.00011828618,2.7882235e-05,0.0,0.25,2.352971,2.3921952,1.610637,-3.4125195,8.822294,1.0027702,0.35244426,0.5235457063711887,0.20696821515891642,1.2817279,0.23279323,True,3 vs Rest,3,Rest
Prr5l,0.9588,0.041200000000000014,3.1472440139160347,9.399238e-05,1.6971668e-05,0.0,0.25,2.3459542,2.2996335,1.6886965,-3.501131,7.80371,0.35734093,0.12720026,0.2299168975069253,0.08196821515892434,0.4592112,0.08193631,True,3 vs Rest,3,Rest
Wdfy3,0.9554,0.04459999999999997,3.0643960281814424,0.00013112051,2.856808e-05,0.0,0.25,2.344134,2.435835,1.6355987,-3.8324566,6.9717093,1.0997227,0.4746934,0.5734072022160636,0.3039119804400839,1.4994562,0.33082044,True,3 vs Rest,3,Rest
Rnf130,0.9536,0.0464,3.0229446320482345,6.381404e-05,1.4264613e-05,0.0,0.25,2.3244584,2.4134955,2.0596595,-4.9177647,8.678001,0.28531858,0.2768943,0.2049861495844876,0.1854523227383799,0.38315964,0.1882696,True,3 vs Rest,3,Rest
Plekhg2,0.953,0.04700000000000004,3.0094670996713875,0.0001096836,2.2726668e-05,0.0,0.25,2.323576,2.2976604,1.6223018,-3.0826092,10.00121,0.58448786,0.28331238,0.3601108033240988,0.2006112469437579,0.7578915,0.18581359,True,3 vs Rest,3,Rest
Strada,0.953,0.04700000000000004,3.0094670996713875,5.9486694e-05,1.8127876e-05,0.0,0.25,2.3220026,2.3662934,2.006284,-5.6211233,8.25491,0.16343483,0.20330033,0.11911357340720226,0.16485330073349122,0.23350455,0.13073753,True,3 vs Rest,3,Rest
Ttc28,0.9538,0.04620000000000002,3.0274740018106154,7.238787e-05,1.6152864e-05,0.0,0.25,2.3216712,2.3938766,1.9637375,-5.108041,8.927537,0.565097,0.27701658,0.34072022160664744,0.15861858190708575,0.80555063,0.18794419,True,3 vs Rest,3,Rest
Tbck,0.9544,0.045599999999999974,3.041174945442932,7.1035734e-05,1.5373216e-05,0.0,0.25,2.3208928,2.3890367,1.7369812,-4.453354,8.787636,0.4681444,0.48392323,0.32963988919667525,0.3289119804400823,0.6495857,0.3162633,True,3 vs Rest,3,Rest
Tiam1,0.9772,0.022800000000000042,3.757930375060113,0.00043210806,9.289341e-05,0.0,0.25,2.31844,2.3960032,1.1471193,-2.6183128,6.150427,3.3878155,1.6026534,0.883656509695285,0.5719437652812079,4.4228745,1.0332761,True,3 vs Rest,3,Rest
Vps37c,0.9536,0.0464,3.0229446320482345,3.1942724e-05,8.297419e-06,0.0,0.25,2.314034,2.4790053,2.0365684,-5.8178587,9.5876255,0.20775613,0.1935204,0.16897506925207761,0.1574572127139318,0.2663284,0.12386986,True,3 vs Rest,3,Rest
Rbfox1,0.9544,0.045599999999999974,3.041174945442932,0.0012774507,0.000310773,0.0,0.25,2.3057399,1.8410263,3.6207685,-7.3633604,10.086717,11.5734215,2.774626,0.6592797783933481,0.3586185819070731,15.419585,1.9926311,True,3 vs Rest,3,Rest
Ppm1n,0.9556,0.044399999999999995,3.0690997312529054,6.0530263e-05,8.639606e-06,0.0,0.25,2.3049047,2.3192554,3.0514815,-9.055803,12.140472,0.18282545,0.05238377,0.10526315789473688,0.036063569682151644,0.2580233,0.036048442,True,3 vs Rest,3,Rest
Macrod2,0.9576,0.04239999999999999,3.1172815665995963,0.0009538041,0.00018502798,0.0,0.25,2.3036196,2.1739511,2.849584,-5.9554377,9.443131,9.49863,2.6770582,0.7534626038781117,0.5335574572127159,12.818911,1.8467115,True,3 vs Rest,3,Rest
Parp12,0.9596,0.04039999999999999,3.167686508894722,9.878769e-05,2.1409243e-05,0.0,0.25,2.3010807,2.2921414,1.4069405,-2.2514372,7.779791,0.556787,0.32426584,0.3656509695290849,0.2202933985329987,0.74209505,0.21812566,True,3 vs Rest,3,Rest
Rnf213,0.9552,0.04479999999999995,3.0597123904721504,0.0004799059,0.000111739704,0.0,0.25,2.2928338,2.3189898,1.5283173,-3.1876898,7.213627,4.498619,1.5494897,0.8448753462603823,0.5915036674817135,6.0833945,1.0266372,True,3 vs Rest,3,Rest
Myo9b,0.9614,0.03859999999999997,3.2151380303232497,5.623281e-05,1.295104e-05,0.0,0.25,2.2916129,2.3163543,1.410956,-2.9759865,7.9336357,0.4681447,0.40226078,0.35734072022160573,0.30177261613690554,0.6124508,0.2637497,True,3 vs Rest,3,Rest
Adamts18,0.957,0.04300000000000004,3.1026030536505993,4.902682e-05,1.0644295e-05,0.0,0.25,2.2897873,2.4101539,2.3915362,-7.676265,9.359912,0.26038778,0.041075736,0.14404432132963993,0.023777506112469305,0.3838151,0.031306557,True,3 vs Rest,3,Rest
Elk3,0.9712,0.028800000000000048,3.5181566962377104,0.00013587791,2.887535e-05,0.0,0.25,2.289638,2.3211956,1.2693908,-2.2290306,7.7881536,0.78947365,0.5242708,0.43767313019390414,0.3171149144254131,1.025405,0.32806462,True,3 vs Rest,3,Rest
Stat2,0.956,0.04400000000000004,3.078568062320689,0.00017305579,4.2878408e-05,0.0,0.25,2.278847,2.3130922,1.5791682,-4.533354,7.311224,1.3268689,0.5924392,0.6260387811634315,0.3504278728606188,1.7766795,0.40338856,True,3 vs Rest,3,Rest
Kansl1l,0.9532,0.04679999999999995,3.0139413391167738,0.00013353456,2.82394e-05,0.0,0.25,2.277891,2.3740768,1.8147745,-4.306075,7.5976706,0.9584485,0.45543918,0.4764542936288068,0.2729217603911861,1.2919362,0.3116188,True,3 vs Rest,3,Rest
Notch2,0.9536,0.0464,3.0229446320482345,0.00017815294,4.384095e-05,0.0,0.25,2.2700608,2.2992406,1.5457926,-2.9878635,7.926318,1.4265912,0.68475854,0.6648199445983342,0.3808068459657514,1.8319625,0.45573118,True,3 vs Rest,3,Rest
Pcdh7,0.9534,0.046599999999999975,3.0184337975356508,0.0008192364,0.00015213522,0.0,0.25,2.263484,2.3375416,1.8581346,-3.984212,6.938368,7.055402,3.7046518,0.8725761772853128,0.7114914425429395,9.657758,2.4017427,True,3 vs Rest,3,Rest
Map4k3,0.953,0.04700000000000004,3.0094670996713875,0.000112520764,2.8173497e-05,0.0,0.25,2.25422,2.388877,1.8420726,-4.224142,8.421695,0.7783931,0.47469342,0.4459833795013833,0.30886308068458235,1.0453664,0.32616124,True,3 vs Rest,3,Rest
Parp8,0.9546,0.045399999999999996,3.0457800897357927,0.0005133596,0.00010010774,0.0,0.25,2.251983,2.2934937,1.6777413,-2.937128,8.14933,3.8725805,2.0083354,0.8337950138504101,0.6324572127140219,5.3321066,1.3605934,True,3 vs Rest,3,Rest
Ptgfrn,0.9588,0.041200000000000014,3.1472440139160347,0.00010170647,2.4734065e-05,0.0,0.25,2.2396688,2.2666097,1.5383931,-4.184561,8.74942,0.7728536,0.39015812,0.4515235457063694,0.2542176039119697,0.99053913,0.26087168,True,3 vs Rest,3,Rest
Fry,0.954,0.04600000000000004,3.03202206805009,0.00029550327,6.407966e-05,0.0,0.25,2.239359,2.2779026,1.6163932,-3.3771305,7.423503,2.4681463,1.2067668,0.7285318559556743,0.4300733496332299,3.3202856,0.8164563,True,3 vs Rest,3,Rest
Irgm1,0.9666,0.033399999999999985,3.3652285703727176,0.00018767653,5.4611308e-05,0.0,0.25,2.234733,2.280645,1.516817,-4.261302,9.568027,1.2603875,0.6974636,0.5540166204986122,0.3157701711491296,1.5394608,0.47822702,True,3 vs Rest,3,Rest
Adamts3,0.9526,0.0474,3.0005726591928727,3.8522296e-05,9.915235e-06,0.0,0.25,2.2223916,2.211277,2.6577435,-6.216112,12.799473,0.19667585,0.054034147,0.11634349030470918,0.030929095354523047,0.2310433,0.035259064,True,3 vs Rest,3,Rest
Apbb2,0.953,0.04700000000000004,3.0094670996713875,0.00010825033,2.3204202e-05,0.0,0.25,2.203615,2.2378917,1.8078402,-5.0826817,9.518893,0.7756231,0.37316552,0.4072022160664806,0.2288508557457121,1.0808779,0.24145739,True,3 vs Rest,3,Rest
Fbxl17,0.9612,0.038799999999999946,3.209762009904824,0.0002717732,6.845253e-05,0.0,0.25,2.1938403,1.8275886,3.0714135,-7.273161,8.160419,1.9612179,1.2201693,0.5789473684210497,0.42836185819068723,2.6821864,0.81194377,True,3 vs Rest,3,Rest
Itga6,0.9698,0.030200000000000005,3.469247619476059,0.0007593757,0.0001794393,0.0,0.25,2.1684694,2.2924128,1.1047323,-2.390664,5.3437386,6.9169025,3.3473928,0.9695290858725695,0.7994498777508378,8.635445,2.1493108,True,3 vs Rest,3,Rest
Smurf2,0.9536,0.0464,3.0229446320482345,0.00015504722,3.5379304e-05,0.0,0.25,2.1667738,2.2229433,1.4811791,-3.387619,7.1514654,0.9889197,0.58211213,0.5013850415512443,0.3485941320293231,1.3757579,0.38044968,True,3 vs Rest,3,Rest
Mrvi1,0.953,0.04700000000000004,3.0094670996713875,7.489028e-05,2.0084248e-05,0.0,0.25,2.1535206,2.1779094,1.6915219,-4.701988,8.468638,0.396122,0.10134456,0.25484764542936295,0.05574572127139468,0.49570277,0.06802957,True,3 vs Rest,3,Rest
Kidins220,0.9582,0.04179999999999995,3.132159956120126,0.00018880315,5.1206665e-05,0.0,0.25,2.1293259,2.087781,1.4214625,-3.644493,7.404146,1.2409967,1.363033,0.6038781163434871,0.6147310513448138,1.560992,0.8545196,True,3 vs Rest,3,Rest
Bbx,0.9636,0.03639999999999999,3.276107231750535,0.00021405851,5.220759e-05,0.0,0.25,2.118051,2.1876645,1.2034297,-3.0051193,6.0445814,1.8864243,0.8748816,0.7036011080332368,0.43728606356965977,2.4914122,0.56581324,True,3 vs Rest,3,Rest
Patj,0.9542,0.04579999999999995,3.036588994101264,0.00020648431,5.2894808e-05,0.0,0.25,2.1069615,2.1430483,1.9605334,-3.9989672,6.6102886,1.6011063,0.9251562,0.6343490304709106,0.47933985330070844,2.1326864,0.6134355,True,3 vs Rest,3,Rest
Tox,0.9612,0.038799999999999946,3.209762009904824,0.00050263695,0.00012480105,0.0,0.25,2.1034253,1.9410305,2.6539073,-5.795596,7.7759905,3.9390616,1.0557655,0.6759002770083063,0.34498777506110817,5.2481585,0.72694767,True,3 vs Rest,3,Rest
Trp63,0.9606,0.03939999999999999,3.1937920295299222,0.00042457794,0.00011468462,0.0,0.25,2.0869353,2.1933427,1.3784381,-3.5082493,6.403509,3.0360136,1.3168662,0.7645429362880839,0.4592909535452085,4.0281405,0.9573802,True,3 vs Rest,3,Rest
Rad54l2,0.9584,0.04159999999999997,3.1371648301434383,4.854444e-05,1.1775415e-05,0.0,0.25,2.0868402,2.1354542,1.3484442,-4.1551075,7.073598,0.3490306,0.39217523,0.2908587257617726,0.2873471882640458,0.4458018,0.24786328,True,3 vs Rest,3,Rest
Atrnl1,0.9564,0.04359999999999997,3.088118866327286,0.00062958716,0.00014866541,0.0,0.25,2.0838797,1.7668209,2.8993948,-5.468192,7.7045736,4.994457,3.0892277,0.7174515235457021,0.5964547677262164,6.8820696,1.9646952,True,3 vs Rest,3,Rest
E130114P18Rik,0.9542,0.04579999999999995,3.036588994101264,5.3893764e-05,1.7970176e-05,0.0,0.25,2.068855,2.213241,2.7052202,-8.117737,10.165105,0.21052623,0.07658911,0.15235457063711916,0.05024449877750688,0.28542826,0.058795914,True,3 vs Rest,3,Rest
Kcnma1,0.9584,0.04159999999999997,3.1371648301434383,0.0007488518,0.0001696847,0.0,0.25,2.0548782,1.8483014,2.4779418,-5.0073414,7.999282,6.10249,2.2090902,0.7645429362880839,0.5146699266503527,8.458284,1.4697192,True,3 vs Rest,3,Rest
Ccdc88c,0.9668,0.03320000000000001,3.371441482045512,0.00027106228,7.1927854e-05,0.0,0.25,2.052637,2.065104,1.1165336,-1.8681107,6.3561707,2.2188365,0.82346565,0.8116343490304657,0.44125916870413384,2.8063061,0.5176296,True,3 vs Rest,3,Rest
Bmpr2,0.9638,0.03620000000000001,3.2818244195070476,0.00018356189,4.6982e-05,0.0,0.25,2.0169876,2.1115026,1.1906828,-3.8026085,6.1842213,1.5761752,0.83417016,0.6842105263157855,0.46705378973102707,1.9749339,0.5423763,True,3 vs Rest,3,Rest
Lifr,0.9566,0.043399999999999994,3.0929256701788073,0.0008683992,0.00024164787,0.0,0.25,2.0130644,2.1417322,1.3590407,-3.795825,5.969307,8.036016,1.6098114,0.9833795013850347,0.31968215158922714,10.01737,1.2343276,True,3 vs Rest,3,Rest
Fem1c,0.9536,0.0464,3.0229446320482345,0.000100481484,2.9051635e-05,0.0,0.25,2.007758,1.9146414,1.2626636,-2.0380735,8.923242,0.57340765,0.5163231,0.40443213296398756,0.35935207823959137,0.6948674,0.32881728,True,3 vs Rest,3,Rest
Cald1,0.9742,0.025800000000000045,3.631241752112877,0.0010668574,0.00028404637,0.0,0.25,2.0066326,2.0958095,0.9556341,-2.8931541,4.8610544,9.180053,2.5292974,0.9861495844875278,0.48991442542784713,11.506798,1.79465,True,3 vs Rest,3,Rest
Ptprk,0.953,0.04700000000000004,3.0094670996713875,0.0003644158,9.342114e-05,0.0,0.25,1.9976801,1.9182,2.1894672,-4.50014,6.698245,2.8725803,1.8188341,0.7396121883656465,0.5707212713936763,3.8268583,1.2117525,True,3 vs Rest,3,Rest
Ski,0.9648,0.03520000000000001,3.310874469642843,0.00016514094,4.7807072e-05,0.0,0.25,1.9279984,2.0254908,1.1025515,-2.5665188,6.125869,1.415511,0.69178903,0.6675900277008272,0.41528117359411104,1.7816994,0.45540273,True,3 vs Rest,3,Rest
Gpc6,0.9556,0.044399999999999995,3.0690997312529054,0.00013787612,4.7083406e-05,0.0,0.25,1.9187238,2.0933537,3.464968,-9.604884,10.885606,0.3213297,0.11069666,0.12188365650969533,0.04321515892420579,0.41366416,0.07435687,True,3 vs Rest,3,Rest
Dcc,0.9542,0.04579999999999995,3.036588994101264,0.00019569775,4.9781152e-05,0.0,0.25,1.9069908,1.8483572,3.7623234,-8.577156,19.852264,0.65096956,0.10855735,0.10526315789473688,0.027567237163814023,0.9117231,0.074654505,True,3 vs Rest,3,Rest
Picalm,0.9664,0.03359999999999996,3.359051472940072,0.0003576667,0.000101909485,0.0,0.25,1.895643,1.9488845,0.99900234,-2.4103699,4.971943,3.2077591,1.7935352,0.883656509695285,0.7032396088021012,3.9829957,1.1618092,True,3 vs Rest,3,Rest
Epb41l2,0.9554,0.04459999999999997,3.0643960281814424,0.00019730852,5.698303e-05,0.0,0.25,1.8920672,1.899538,1.151943,-1.768734,5.849559,1.4819924,0.7618415,0.6842105263157855,0.40293398533005315,1.9343102,0.4825089,True,3 vs Rest,3,Rest
Dst,0.959,0.041000000000000036,3.152318774704249,0.00070242287,0.00020816029,0.0,0.25,1.8216648,1.8651581,0.9875679,-2.2136269,5.030876,5.905819,3.0493777,0.9556786703601042,0.741809290953723,7.4678516,2.0153227,True,3 vs Rest,3,Rest
Setd2,0.9532,0.04679999999999995,3.0139413391167738,0.00021010567,6.7798035e-05,0.0,0.25,1.8176506,1.8280916,1.0732671,-1.9276075,5.5645723,1.5789459,1.5717322,0.7423822714681395,0.6892420537898645,2.0130882,0.98309577,True,3 vs Rest,3,Rest
Npas3,0.9568,0.043200000000000016,3.0977536669163523,0.00010298009,2.3312605e-05,0.0,0.25,1.7358203,1.84132,3.2041864,-6.7510977,17.650986,0.44598338,0.096026756,0.14404432132963993,0.042359413202934355,0.59325016,0.06079501,True,3 vs Rest,3,Rest
Tex14,0.9536,0.0464,3.0229446320482345,3.828484e-05,4.056652e-05,0.0,0.25,1.6000898,1.7837973,3.9482114,-11.0893955,16.0985,0.23822705,0.6129773,0.16897506925207761,0.21363080684595756,0.33419025,0.3792827,True,3 vs Rest,3,Rest
Sdk1,0.9598,0.040200000000000014,3.172857695461819,8.394292e-05,3.5185083e-05,0.0,0.25,1.1489903,1.3037696,4.097904,-10.937555,12.631746,0.28254852,0.4756715,0.1024930747922438,0.14168704156478854,0.4056706,0.33628568,True,3 vs Rest,3,Rest
5730522E02Rik,0.9568,0.043200000000000016,3.0977536669163523,0.00013875037,5.9828497e-05,0.0,0.25,0.8338319,1.1147852,3.1575658,-9.200419,10.128516,0.4792245,0.10397293,0.19113573407202222,0.04584352078239663,0.64255786,0.06438366,True,3 vs Rest,3,Rest
Gm21541,0.9558,0.04420000000000002,3.0738236812785265,0.00017096532,0.0001481353,0.0,0.25,0.23732395,0.28670788,3.71147,-9.916237,12.226349,1.3601105,1.4178889,0.30193905817174477,0.20030562347187528,1.675333,1.0744963,True,3 vs Rest,3,Rest
